City,Country Code
`Ajman,ARE
`Aqrah,IRQ
`Unayzah,SAU
A Coruna,ESP
Aachen,DEU
Aarhus,DNK
Aba,NGA
Abaetetuba,BRA
Abakan,RUS
Abbotsford,CAN
Abengourou,CIV
Abeokuta,NGA
Aberdeen,GBR
Abertawe,GBR
Abha,SAU
Abi al Khasib,IRQ
Abidjan,CIV
Abomey-Calavi,BEN
Abu Dhabi,ARE
Abu Ghurayb,IRQ
Abu Hulayfah,KWT
Abu Hummus,EGY
Abu Tisht,EGY
Abuja,NGA
Acapulco de Juarez,MEX
Acarigua,VEN
Accra,GHA
Ad Dammam,SAU
Ad Diwaniyah,IRQ
Ada,NGA
Adachi,JPN
Adana,TUR
Addis Ababa,ETH
Adelaide,AUS
Aden,YEM
Adiyaman,TUR
Ado-Ekiti,NGA
Adoni,IND
Adzope,CIV
Afyonkarahisar,TUR
Agadir,MAR
Agartala,IND
Agege,NGA
Ageoshimo,JPN
Agra,IND
Aguadilla,PRI
Aguascalientes,MEX
Ahmadnagar,IND
Ahmedabad,IND
Ahor,IND
Ahvaz,IRN
Ailan Mubage,CHN
Ait Melloul,MAR
Aizawl,IND
Ajdabiya,LBY
Ajmer,IND
Akhisar,TUR
Akhmim,EGY
Akita,JPN
Akola,IND
Akron,USA
Aksaray,TUR
Aksu,CHN
Akure,NGA
Al `Ajami,EGY
Al `Amarah,IRQ
Al `Arish,EGY
Al `Ashir min Ramadan,EGY
Al `Ayn,ARE
Al Bajur,EGY
Al Basrah,IRQ
Al Bayda,LBY
Al Fallujah,IRQ
Al Fashn,EGY
Al Fayyum,EGY
Al Ghardaqah,EGY
Al Hamzah,IRQ
Al Hasakah,SYR
Al Hillah,SAU
Al Hudaydah,YEM
Al Hufuf,SAU
Al Jahra,KWT
Al Jubayl,SAU
Al Juwayyidah,JOR
Al Khubar,SAU
Al Khums,LBY
Al Kufah,IRQ
Al Kut,IRQ
Al Mafraq,JOR
Al Mahallah al Kubra,EGY
Al Mansurah,EGY
Al Maraghah,EGY
Al Marj,LBY
Al Matariyah,EGY
Al Mijlad,SDN
Al Minya,EGY
Al Miqdadiyah,IRQ
Al Mubarraz,SAU
Al Qamishli,SYR
Al Qatif,SAU
Al Qunfudhah,SAU
Al Qurayyat,SAU
Al Qurnah,IRQ
Al Waqf,EGY
Alamadi,IND
Alanya,TUR
Alasandigutta,IND
Albacete,ESP
Albany,USA
Albuquerque,USA
Alcala de Henares,ESP
Alcorcon,ESP
Aleppo,SYR
Alexandria,EGY
Algiers,DZA
Alicante,ESP
Aligarh,IND
Allentown,USA
Alleppey,IND
Almada,PRT
Almaty,KAZ
Almere,NLD
Almeria,ESP
Almetyevsk,RUS
Alor Setar,MYS
Altindag,TUR
Alvorada,BRA
Alwar,IND
Amadora,PRT
Amagasaki,JPN
Amarillo,USA
Ambala,IND
Ambato,ECU
Ambattur,IND
Ambikapur,IND
Ambon,IDN
Americana,BRA
Amersfoort,NLD
Amman,JOR
Amol,IRN
Amravati,IND
Amritsar,IND
Amroha,IND
Amsterdam,NLD
An Najaf,IRQ
An Nasiriyah,IRQ
An Nhon,VNM
Anaco,VEN
Anaheim,USA
Ananindeua,BRA
Anantapur,IND
Anapolis,BRA
Anchorage,USA
Anda,CHN
Andijon,UZB
Andong,KOR
Androtsy,MDG
Angarsk,RUS
Angeles City,PHL
Angers,FRA
Angra dos Reis,BRA
Anguo,CHN
Anjomachi,JPN
Anju,PRK
Ankang,CHN
Ankara,TUR
Anlu,CHN
Ann Arbor,USA
Annaba,DZA
Anqing,CHN
Anqiu,CHN
Ansan,KOR
Anseong,KOR
Anshan,CHN
Anshun,CHN
Antalya,TUR
Antananarivo,MDG
Antioch,USA
Antipolo,PHL
Antofagasta,CHL
Antonio Enes,MOZ
Antsirabe,MDG
Antwerp,BEL
Anyang,KOR
Aomori,JPN
Ap Da Loi,VNM
Apapa,NGA
Aplahoue,BEN
Appleton,USA
Aqtau,KAZ
Aqtobe,KAZ
Ar Rahmaniyah,EGY
Ar Ramadi,IRQ
Ar Ramtha,JOR
Ar Raqqah,SYR
Ar Rayyan,QAT
Ar Rusayfah,JOR
Ar Ruseris,SDN
Aracaju,BRA
Aracatuba,BRA
Arafat,MRT
Araguaina,BRA
Arak,IRN
Arakawa,JPN
Aral,CHN
Arapiraca,BRA
Araraquara,BRA
Araure,VEN
Arba Minch,ETH
Ardabil,IRN
Arequipa,PER
Arica,CHL
Arkhangelsk,RUS
Arlington,USA
Armavir,RUS
Armenia,COL
Arnavutkoy,TUR
Arnhem,NLD
Arrah,IND
Arroyo Naranjo,CUB
Arusha,TZA
As Samawah,IRQ
As Sib,OMN
As Sulaymaniyah,IRQ
As Suwayq,OMN
Asahikawa,JPN
Asan,KOR
Asansol,IND
Ash Shamiyah,IRQ
Ash Shatrah,IRQ
Ash Shihaniyah,QAT
Ash Shuhada,PSE
Ashaiman,GHA
Ashdod,ISR
Asheville,USA
Ashgabat,TKM
Ashmun,EGY
Asmara,ERI
Astana,KAZ
Astrakhan,RUS
Asuncion,PRY
Aswan,EGY
Asyut,EGY
At Taif,SAU
At Taji,IRQ
Athens,GRC
Atlanta,USA
Atsugicho,JPN
Attiecoube,CIV
Atushi,CHN
Auckland,NZL
Augsburg,DEU
Augusta,USA
Aurangabad,IND
Aurora,USA
Austin,USA
Avadi,IND
Avcilar,TUR
Aves,PRT
Awasa,ETH
Awka,NGA
Awsim,EGY
Ayacucho,PER
Aydin,TUR
Az Zaqaziq,EGY
Az Zarqa,JOR
Az Zawiyah,LBY
Az Zubayr,IRQ
Ba`qubah,IRQ
Baardheere,SOM
Babol,IRN
Babruysk,BLR
Babylon,USA
Bac Giang,VNM
Bac Lieu,VNM
Bac Ninh,VNM
Bacolod,PHL
Bacoor,PHL
Bada Barabil,IND
Badalona,ESP
Bade,TWN
Bafoussam,CMR
Bagam,IDN
Bagcilar,TUR
Baghdad,IRQ
Baglar,TUR
Bago,MMR
Baguio City,PHL
Bahar,IRN
Baharampur,IND
Bahawalpur,PAK
Bahia Blanca,ARG
Bahir Dar,ETH
Bahraigh,IND
Baicheng,CHN
Baidoa,SOM
Bairia,IND
Baisha,CHN
Baishan,CHN
Baiyin,CHN
Bakersfield,USA
Baku,AZE
Balakovo,RUS
Balandougou,MLI
Balashikha,RUS
Bali,IND
Balikesir,TUR
Balikpapan,IDN
Baliuag,PHL
Baltimore,USA
Balurghat,IND
Bamako,MLI
Bamenda,CMR
Bamiantong,CHN
Banchpar,BGD
Banda Aceh,IDN
Bandar `Abbas,IRN
Bandar Lampung,IDN
Bandar-e Bushehr,IRN
Bandar-e Mahshahr,IRN
Bandirma,TUR
Bandung,IDN
Banfield,ARG
Bangalore,IND
Bangkok,THA
Bangui,CAF
Banha,EGY
Bani Suwayf,EGY
Banikoara,BEN
Banja Luka,BIH
Banjar,IDN
Banjarbaru,IDN
Banjarmasin,IDN
Banjul,GMB
Bao Loc,VNM
Baoding,CHN
Baojishi,CHN
Baoshan,CHN
Baotou,CHN
Baramati,IND
Baramula,IND
Baranavichy,BLR
Barasat,IND
Barcelona,ESP
Barddhaman,IND
Bardoli,IND
Bareilly,IND
Bari,ITA
Bariadi,TZA
Barinas,VEN
Barishal,BGD
Barnaul,RUS
Barnsley,GBR
Barquisimeto,VEN
Barr Elias,LBN
Barra do Dande,AGO
Barra Mansa,BRA
Barrancabermeja,COL
Barranquilla,COL
Barreiras,BRA
Barrie,CAN
Barueri,BRA
Barura,BGD
Baruta,VEN
Basel,CHE
Basildon,GBR
Basuo,CHN
Bata,GNQ
Batala,IND
Batam Centre,IDN
Batangas,PHL
Batman,TUR
Batna,DZA
Baton Rouge,USA
Battalgazi,TUR
Batu,IDN
Batumi,GEO
Baubau,IDN
Bauchi,NGA
Baure,NGA
Bauru,BRA
Bawshar,OMN
Bayamo,CUB
Bayamon,PRI
Bayat,TUR
Bazaltove,UKR
Bazhou,CHN
Bechar,DZA
Beersheba,ISR
Begusarai,IND
Beian,CHN
Beichengqu,CHN
Beidao,CHN
Beihai,CHN
Beijing,CHN
Beining,CHN
Beipiao,CHN
Beira,MOZ
Beirut,LBN
Bejaia,DZA
Beji,IDN
Bekasi,IDN
Bekasi Kota,IDN
Belas,AGO
Belem,BRA
Belfast,GBR
Belgaum,IND
Belgorod,RUS
Belgrade,SRB
Bellary,IND
Bello,COL
Belo Horizonte,BRA
Bene Beraq,ISR
Bengbu,CHN
Benghazi,LBY
Bengkulu,IDN
Benguela,AGO
Beni,COD
Beni Mellal,MAR
Benin City,NGA
Benoni,ZAF
Benxi,CHN
Berazategui,ARG
Berbera,SOM
Bergen,NOR
Berlin,DEU
Bethelsdorp,ZAF
Betigeri,IND
Betim,BRA
Betsiboka,MDG
Bettiah,IND
Betul Bazar,IND
Beykoz,TUR
Beylikduzu,TUR
Bhachau,IND
Bhadravati,IND
Bhagalpur,IND
Bhangar,IND
Bharatpur,NPL
Bharuch,IND
Bhatinda,IND
Bhatpara,IND
Bhavnagar,IND
Bhawana,PAK
Bhayandar,IND
Bhilai,IND
Bhilwara,IND
Bhind,IND
Bhiwandi,IND
Bhiwani,IND
Bhopal,IND
Bhubaneshwar,IND
Bhuj,IND
Bhusaval,IND
Bialystok,POL
Biba,EGY
Bida,NGA
Bidar,IND
Bielefeld,DEU
Bielsko-Biala,POL
Bien Hoa,VNM
Bihar,IND
Bihta,IND
Bijapur,IND
Bijiao,CHN
Bijie,CHN
Bikaner,IND
Bila Tserkva,UKR
Bilaspur,IND
Bilbao,ESP
Bima,IDN
Bimo,CAF
Binan,PHL
Binangonan,PHL
Bingerville,CIV
Binghamton,USA
Bingol,TUR
Binjai,IDN
Binxian,CHN
Binzhou,CHN
Bir el Djir,DZA
Biratnagar,NPL
Birjand,IRN
Birkat as Sab`,EGY
Birmingham,GBR
Bishkek,KGZ
Biskra,DZA
Bissau,GNB
Bitung,IDN
Biu,NGA
Biyala,EGY
Biysk,RUS
Blagoveshchensk,RUS
Blantyre,MWI
Blida,DZA
Bloemfontein,ZAF
Blumenau,BRA
Bo,SLE
Boa Vista,BRA
Boankra,GHA
Bobo-Dioulasso,BFA
Bochum,DEU
Bocoio,AGO
Bodrum,TUR
Bogor,IDN
Bogota,COL
Bogra,BGD
Boise,USA
Bojnurd,IRN
Bokaro Steel City,IND
Boksburg,ZAF
Bole,CHN
Bologna,ITA
Bolton,GBR
Bolu,TUR
Boma,COD
Bonita Springs,USA
Bonn,DEU
Bontang,IDN
Boosaaso,SOM
Bor,SSD
Borazjan,IRN
Bordeaux,FRA
Bordj Bou Arreridj,DZA
Bornova,TUR
Borujerd,IRN
Borvayeh-ye Al Bu `Aziz,IRN
Boston,USA
Botou,CHN
Bouake,CIV
Bournemouth,GBR
Bozhou,CHN
Bradford,GBR
Braga,PRT
Braganca Paulista,BRA
Brahmanbaria,BGD
Brahmanpara,BGD
Brahmapur,IND
Braila,ROU
Brampton,CAN
Brasilia,BRA
Brasov,ROU
Bratislava,SVK
Bratsk,RUS
Braunschweig,DEU
Brazzaville,COG
Breda,NLD
Bremen,DEU
Bremerton,USA
Brescia,ITA
Brest,BLR
Bridgeport,USA
Brisbane,AUS
Bristol,GBR
Brno,CZE
Bronx,USA
Brookhaven,USA
Brooklyn,USA
Brownsville,USA
Brussels,BEL
Bryansk,RUS
Buca,TUR
Bucaramanga,COL
Bucharest,ROU
Bucheon,KOR
Budapest,HUN
Budaun,IND
Budhanilkantha,NPL
Buenaventura,COL
Buenos Aires,ARG
Buffalo,USA
Bujumbura,BDI
Bukan,IRN
Bukavu,COD
Bukhara,UZB
Bukit Mertajam,MYS
Bulandshahr,IND
Bulawayo,ZWE
Bunia,COD
Bunkyo-ku,JPN
Buon Ma Thuot,VNM
Buraydah,SAU
Burco,SOM
Burgas,BGR
Burgos,ESP
Burhanpur,IND
Burlington,CAN
Burnaby,CAN
Bursa,TUR
Burutu,NGA
Busan,KOR
Butembo,COD
Butuan,PHL
Buurhakaba,SOM
Buyukcekmece,TUR
Byatarayanpur,IND
Bydgoszcz,POL
Bytom,POL
Ca Mau,VNM
Cabanatuan City,PHL
Cabimas,VEN
Cabinda,AGO
Cabo Frio,BRA
Cabuyao,PHL
Cachoeiro de Itapemirim,BRA
Cacuaco,AGO
Cadaado,SOM
Cadiz,PHL
Caerdydd,GBR
Cagayan de Oro,PHL
Cainta,PHL
Cairo,EGY
Cajamarca,PER
Calabar,NGA
Calabozo,VEN
Calama,CHL
Calbayog City,PHL
Calgary,CAN
Cali,COL
Calicut,IND
Callao,PER
Caloocan City,PHL
Caluquembe,AGO
Cam Pha,VNM
Camacari,BRA
Camacupa,AGO
Camaguey,CUB
Camarajibe,BRA
Campeche,MEX
Campiernagar,IND
Campina Grande,BRA
Campinas,BRA
Campo Grande,BRA
Campos,BRA
Can Tho,VNM
Canagatan,PHL
Canberra,AUS
Cancun,MEX
Cangzhou,CHN
Cankaya,TUR
Cannanore,IND
Canoas,BRA
Canton,USA
Cantonment,PAK
Cao Lanh,VNM
Capas,PHL
Cape Coast,GHA
Cape Coral,USA
Cape Town,ZAF
Cap-Haitien,HTI
Capiata,PRY
Caracas,VEN
Carapicuiba,BRA
Cariacica,BRA
Carlos Manuel de Cespedes,CUB
Carmen,MEX
Carrefour,HTI
Cartagena,COL
Caruaru,BRA
Carupano,VEN
Cary,USA
Casablanca,MAR
Cascais,PRT
Cascavel,BRA
Castanhal,BRA
Castellon de la Plana,ESP
Catamarca,ARG
Catania,ITA
Catape,AGO
Catia La Mar,VEN
Catumbela,AGO
Caucaia,BRA
Caxias,BRA
Caxias do Sul,BRA
Cazanga,AGO
Cazenga,AGO
Cebu City,PHL
Cedar Rapids,USA
Ceel Baraf,SOM
Cekme,TUR
Celaya,MEX
Cencheng,CHN
Central Coast,AUS
Central District,HKG
Centurion,ZAF
Cerkezkoy,TUR
Ceyhan,TUR
Chaedok,PRK
Chak Forty-one,PAK
Chak Jhumra,PAK
Chakradharpur,IND
Chakwal,PAK
Chalco,MEX
Chanda,IND
Chandannagar,IND
Chandigarh,IND
Chandler,USA
Changan,CHN
Changchun,CHN
Changde,CHN
Changhua,TWN
Changping,CHN
Changsha,CHN
Changshu,CHN
Changwon,KOR
Changzhi,CHN
Changzhou,CHN
Chaohucun,CHN
Chaoshan,CHN
Chaoyang,CHN
Chaozhou,CHN
Chapeco,BRA
Chapra,IND
Charleroi,BEL
Charleston,USA
Charlotte,USA
Chattanooga,USA
Chattogram,BGD
Chau Doc,VNM
Chauddagram,BGD
Chauhanpatti,IND
Cheboksary,RUS
Chelyabinsk,RUS
Chemnitz,DEU
Chengdu,CHN
Chengguan,CHN
Chengjiao,CHN
Chengtangcun,CHN
Chengxiang,CHN
Chennai,IND
Chenzhou,CHN
Cheongju,KOR
Cherepovets,RUS
Cherkasy,UKR
Chernihiv,UKR
Chernivtsi,UKR
Chesapeake,USA
Chetumal,MEX
Chhatarpur,IND
Chhindwara,IND
Chi Linh,VNM
Chiang Mai,THA
Chiayi,TWN
Chiba,JPN
Chibia,AGO
Chicago,USA
Chiclayo,PER
Chicoloapan,MEX
Chifeng,CHN
Chigasaki,JPN
Chihuahua,MEX
Chilas,PAK
Chillan,CHL
Chilpancingo,MEX
Chimalhuacan,MEX
Chimbote,PER
Chimoio,MOZ
Chiniot,PAK
Chinju,KOR
Chirala,IND
Chirchiq,UZB
Chishui,CHN
Chisinau,MDA
Chita,RUS
Chittoor,IND
Chitungwiza,ZWE
Chizhou,CHN
Chlef,DZA
Chofugaoka,JPN
Choloma,HND
Chon Buri,THA
Chonan,KOR
Chongjin,PRK
Chongju,PRK
Chongqing,CHN
Chongzuo,CHN
Chopda,IND
Christchurch,NZL
Chuadanga,BGD
Chula Vista,USA
Chuncheon,KOR
Chunchura,IND
Chungju,KOR
Chuo-ku,JPN
Chuxiong,CHN
Chuzhou,CHN
Cianjur,IDN
Cibinong,IDN
Cidade de Nacala,MOZ
Cienfuegos,CUB
Cigli,TUR
Cikupa,IDN
Cilacap,IDN
Cilegon,IDN
Cimahi,IDN
Cimanggis,IDN
Cincinnati,USA
Ciputat,IDN
Cirebon,IDN
City of Calamba,PHL
City of Paranaque,PHL
Ciudad Acuna,MEX
Ciudad Apodaca,MEX
Ciudad Benito Juarez,MEX
Ciudad Bolivar,VEN
Ciudad del Carmen,MEX
Ciudad del Este,PRY
Ciudad General Escobedo,MEX
Ciudad Guayana,VEN
Ciudad Lopez Mateos,MEX
Ciudad Madero,MEX
Ciudad Nezahualcoyotl,MEX
Ciudad Obregon,MEX
Ciudad Santa Catarina,MEX
Ciudad Valles,MEX
Ciudad Victoria,MEX
Clarksville,USA
Cleveland,USA
Cluj-Napoca,ROU
Coacalco,MEX
Coatzacoalcos,MEX
Coban,GTM
Cochabamba,BOL
Cocody,CIV
Coimbatore,IND
College Station,USA
Cologne,DEU
Colombo,LKA
Colorado Springs,USA
Columbia,USA
Columbus,USA
Comalcalco,MEX
Comayaguela,HND
Comilla,BGD
Comodoro Rivadavia,ARG
Companiganj,BGD
Conakry,GIN
Concepcion,CHL
Concord,USA
Conjeeveram,IND
Constanta,ROU
Constantine,DZA
Contagem,BRA
Copenhagen,DNK
Coquimbo,CHL
Cordoba,ARG
Cork,IRL
Corlu,TUR
Corona,USA
Corpus Christi,USA
Corrientes,ARG
Cosenza,ITA
Cotabato,PHL
Cotia,BRA
Cotonou,BEN
Coventry,GBR
Coxs Bazar,BGD
Craiova,ROU
Cranbourne,AUS
Crato,BRA
Criciuma,BRA
Croix-des-Bouquets,HTI
Croydon,GBR
Cua,VEN
Cuango,AGO
Cuauhtemoc,MEX
Cuautitlan,MEX
Cuautitlan Izcalli,MEX
Cuautla,MEX
Cubal,AGO
Cucuta,COL
Cuddalore,IND
Cuddapah,IND
Cuenca,ECU
Cuernavaca,MEX
Cuiaba,BRA
Cuito,AGO
Culiacan,MEX
Cumana,VEN
Curitiba,BRA
Curug,IDN
Cusco,PER
Cuttack,IND
Czestochowa,POL
Da Lat,VNM
Daan,TWN
Dadukou,CHN
Daegu,KOR
Daejeon,KOR
Dagarua,IND
Dagupan City,PHL
Dahuk,IRQ
Daiwanishi,JPN
Dakar,SEN
Dali,CHN
Dalian,CHN
Dallas,USA
Daloa,CIV
Daltonganj,IND
Daman,IND
Damanhur,EGY
Damascus,SYR
Damboa,NGA
Damietta,EGY
Damoh,IND
Danao,PHL
Danbury,USA
Dandong,CHN
Dangyang,CHN
Danjiangkou,CHN
Danyang,CHN
Danzao,CHN
Daqing,CHN
Dar es Salaam,TZA
Darbhanga,IND
Darmstadt,DEU
Dasarhalli,IND
Dashiqiao,CHN
Dasmarinas,PHL
Dasoguz,TKM
Datang,CHN
Daule,ECU
Davangere,IND
Davao,PHL
Davenport,USA
Dayan,CHN
Daye,CHN
Dayr az Zawr,SYR
Dayrut,EGY
Dayton,USA
Dazhou,CHN
Debrecen,HUN
Dehra Dun,IND
Dehui,CHN
Delhi,IND
Delhi Cantonment,IND
Delmas,HTI
Deltona,USA
Demiryol,TUR
Dengtacun,CHN
Dengtalu,CHN
Denizli,TUR
Denpasar,IDN
Denton,USA
Denver,USA
Deo,IND
Deoghar,IND
Depok,IDN
Dera Ghazi Khan,PAK
Derby,GBR
Des Moines,USA
Dese,ETH
Detroit,USA
Dewas,IND
Dexing,CHN
Deyang,CHN
Dezful,IRN
Dezhou,CHN
Dhaka,BGD
Dhamar,YEM
Dhanbad,IND
Dhulia,IND
Diadema,BRA
Dianbu,CHN
Diaobingshancun,CHN
Dibrugarh,IND
Digos,PHL
Dijon,FRA
Dikirnis,EGY
Dili,TLS
Dinajpur,BGD
Dinapore,IND
Dindigul,IND
Dingxi,CHN
Dingzhou,CHN
Dire Dawa,ETH
Dispur,IND
Divinopolis,BRA
Divo,CIV
Diyarbakir,TUR
Djelfa,DZA
Djibouti,DJI
Djougou,BEN
Dnipro,UKR
Dod Ballapur,IND
Doha,QAT
Domaa-Ahenkro,GHA
Donetsk,UKR
Dong Hoi,VNM
Dongguan,CHN
Donghua,CHN
Dongning,CHN
Dongtai,CHN
Dongxing,CHN
Dongyang,CHN
Donostia,ESP
Dortmund,DEU
Dosquebradas,COL
Douala,CMR
Dourados,BRA
Drabar,IND
Dresden,DEU
Drug,IND
Dubai,ARE
Dublin,IRL
Duekoue,CIV
Duisburg,DEU
Dumai,IDN
Dundo,AGO
Dunhua,CHN
Dunhuang,CHN
Durango,MEX
Durban,ZAF
Durgapur,IND
Durham,USA
Durres,ALB
Dushanbe,TJK
Dusseldorf,DEU
Duyun,CHN
Duzce,TUR
Dzerzhinsk,RUS
East London,ZAF
Ebo,AGO
Ecatepec,MEX
Ed Daein,SDN
Ed Damazin,SDN
Ede,NGA
Edinburgh,GBR
Edirne,TUR
Edmonton,CAN
Edogawa,JPN
Edremit,TUR
Eindhoven,NLD
Ekibastuz,KAZ
El Alto,BOL
El Bosque,CHL
El Dorado,MEX
El Eulma,DZA
El Fasher,SDN
El Geneina,SDN
El Jadid,MAR
El Khroub,DZA
El Obeid,SDN
El Paso,USA
El Progreso,HND
El Tigre,VEN
Elazig,TUR
Elche,ESP
Eldoret,KEN
Elektrostal,RUS
Elk Grove,USA
Ellore,IND
Eloy Alfaro,ECU
Encheng,CHN
Enfield,GBR
Engels,RUS
Enschede,NLD
Ensenada,MEX
Enterprise,USA
Enugu,NGA
Envigado,COL
Epe,NGA
Erbil,IRQ
Ercis,TUR
Erer Sata,ETH
Erie,USA
Erkoklu,TUR
Erzincan,TUR
Erzurum,TUR
Escuintla,GTM
Esenler,TUR
Esenyurt,TUR
Esfahan,IRN
Eskisehir,TUR
Eslamshahr,IRN
Esmeraldas,ECU
Espoo,FIN
Essen,DEU
Etawa,IND
Etawah,IND
Etimesgut,TUR
Eugene,USA
Evansville,USA
Ezhou,CHN
Faisalabad,PAK
Fangchenggang,CHN
Fangting,CHN
Farah,AFG
Fardis,IRN
Farg`ona,UZB
Fargo,USA
Faridabad,IND
Farrukhabad,IND
Farshut,EGY
Fatehpur,IND
Fayetteville,USA
Feicheng,CHN
Feira de Santana,BRA
Fengcheng,CHN
Fenglu,CHN
Feni,BGD
Fenyang,CHN
Ferkessedougou,CIV
Fernando de la Mora,PRY
Ferraz de Vasconcelos,BRA
Fes,MAR
Fethiye,TUR
Fianarantsoa,MDG
Finglas,IRL
Flint,USA
Florence,ITA
Florencia,COL
Florianopolis,BRA
Floridablanca,COL
Fontana,USA
Fontibon,COL
Formosa,ARG
Fort Collins,USA
Fort Lauderdale,USA
Fort Wayne,USA
Fort Worth,USA
Fortaleza,BRA
Fort-de-France,MTQ
Foshan,CHN
Foz do Iguacu,BRA
Franca,BRA
Francisco Morato,BRA
Frankfurt,DEU
Frederick,USA
Fredericksburg,USA
Freetown,SLE
Freiburg im Breisgau,DEU
Fremont,USA
Fresnillo,MEX
Fresno,USA
Frisco,USA
Fuan,CHN
Fuchu,JPN
Fuding,CHN
Fuenlabrada,ESP
Fuji,JPN
Fujin,CHN
Fujisawa,JPN
Fukang,CHN
Fukui,JPN
Fukuoka,JPN
Fukushima,JPN
Fukuyama,JPN
Funtua,NGA
Fuqing,CHN
Fuquan,CHN
Fusagasuga,COL
Fushun,CHN
Fuxin,CHN
Fuyang,CHN
Fuzhou,CHN
Fyzabad,IND
Gaalkacyo,SOM
Gabela,AGO
Gaborone,BWA
Gadag,IND
Gadda Madiral,IND
Gagnoa,CIV
Gainesville,USA
Gaizhou,CHN
Galati,ROU
Galveston,USA
Ganca,AZE
Ganda,AGO
Gandhidham,IND
Ganganagar,IND
Gangneung,KOR
Ganzhou,CHN
Gaobeidian,CHN
Gaomi,CHN
Gaoping,CHN
Gaoyou,CHN
Gaozhou,CHN
Garcia,MEX
Garden Grove,USA
Garissa,KEN
Garland,USA
Garoowe,SOM
Garoua,CMR
Gastonia,USA
Gatineau,CAN
Gaya,IND
Gaza,XGZ
Gaziantep,TUR
Gazipura,BGD
Gbadolite,COD
Gdansk,POL
Gdynia,POL
Gebze,TUR
Gedaref,SDN
Geelong,AUS
Geita,TZA
Gelsenkirchen,DEU
General Mariano Alvarez,PHL
General Roca,ARG
General Santos,PHL
General Trias,PHL
Geneva,CHE
Genoa,ITA
Gent,BEL
George,ZAF
George Town,MYS
Georgetown,GUY
Germiston,ZAF
Getafe,ESP
Ghandinagar,IND
Gharyan,LBY
Ghaziabad,IND
Ghorahi,NPL
Ghulja,CHN
Gifu,JPN
Gijon,ESP
Gilbert,USA
Gimpo,KOR
Giron,COL
Giza,EGY
Glasgow,GBR
Glendale,USA
Gliwice,POL
Gode,ETH
Godhra,IND
Godome,BEN
Godoy Cruz,ARG
Goiania,BRA
Gojra,PAK
Golcuk,TUR
Gold Coast,AUS
Golmud,CHN
Goma,COD
Gombe,NGA
Gomez Palacio,MEX
Gonaives,HTI
Gondal,IND
Gondomar,PRT
Gongzhuling,CHN
Gonzalez Catan,ARG
Gorakhpur,IND
Gorgan,IRN
Gorontalo,IDN
Gothenburg,SWE
Governador Valadares,BRA
Goyang,KOR
Gqeberha,ZAF
Granada,ESP
Grand Prairie,USA
Grand Rapids,USA
Gravatai,BRA
Graz,AUT
Green Bay,USA
Greensboro,USA
Greenville,USA
Grenoble,FRA
Groningen,NLD
Groznyy,RUS
Guacara,VEN
Guadalajara,MEX
Guadalupe,MEX
Guanajuato,MEX
Guanare,VEN
Guangan,CHN
Guangming,CHN
Guangshui,CHN
Guangyuan,CHN
Guangzhou,CHN
Guankou,CHN
Guantanamo,CUB
Guarapuava,BRA
Guarenas,VEN
Guaruja,BRA
Guarulhos,BRA
Guasavito,MEX
Guatemala City,GTM
Guatire,VEN
Guayaquil,ECU
Guaymas,MEX
Gueckedou,GIN
Guediawaye,SEN
Guigang,CHN
Guilin,CHN
Guimaraes,PRT
Guiping,CHN
Guixi,CHN
Guiyang,CHN
Gujiao,CHN
Gujranwala,PAK
Gujrat,PAK
Gulbarga,IND
Gulfport,USA
Guli,CHN
Gulou,CHN
Guna,IND
Gungoren,TUR
Guntur,IND
Gurgaon,IND
Guri,KOR
Gusau,NGA
Guwahati,IND
Guyuan,CHN
Gwagwalada,NGA
Gwalior,IND
Gwangju,KOR
Gwangmyeongni,KOR
Gwoza,NGA
Gyeongsan,KOR
Gyor,HUN
Ha Long,VNM
Ha Tinh,VNM
Haarlem,NLD
Habaswein,KEN
Hachinohe,JPN
Hachioji,JPN
Hadano,JPN
Haeju,PRK
Hafizabad,PAK
Hafr al Batin,SAU
Hagen,DEU
Hagerstown,USA
Hai Duong,VNM
Haian,CHN
Haicheng,CHN
Haifa,ISR
Haikou,CHN
Hail,SAU
Hailin,CHN
Hailun,CHN
Haiphong,VNM
Hakodate,JPN
Hala,PAK
Haldia,IND
Haldwani,IND
Halifax,CAN
Halle,DEU
Halwan,EGY
Hamadan,IRN
Hamah,SYR
Hamamatsu,JPN
Hamburg,DEU
Hamhung,PRK
Hamilton,CAN
Hamm,DEU
Hanam,KOR
Hancheng,CHN
Hanchuan,CHN
Handan,CHN
Handwara,IND
Hangu,CHN
Hangzhou,CHN
Hannover,DEU
Hanoi,VNM
Hanzhong,CHN
Haora,IND
Hapur,IND
Harare,ZWE
Harbin,CHN
Hargeysa,SOM
Haridwar,IND
Haripur,IND
Harnaut,IND
Harrisburg,USA
Hartford,USA
Hat Yai,THA
Hatay,TUR
Havana,CUB
Hayward,USA
Hebi,CHN
Hebron,XWB
Hechi,CHN
Hefei,CHN
Hegang,CHN
Heidelberg,DEU
Heihe,CHN
Hejian,CHN
Hejin,CHN
Helixi,CHN
Helong,CHN
Helsinki,FIN
Hemet,USA
Hempstead,USA
Henderson,USA
Hengshui,CHN
Hengyang,CHN
Hengzhou,CHN
Herat,AFG
Hermosillo,MEX
Herne,DEU
Heroica Matamoros,MEX
Heroica Nogales,MEX
Heshan,CHN
Heyuan,CHN
Heze,CHN
Hezhou,CHN
Hialeah,USA
Hickory,USA
Higashi-Hiroshima,JPN
Higashi-osaka,JPN
High Point,USA
Higuey,DOM
Himatnagar,IND
Himeji,JPN
Hino,JPN
Hinthada,MMR
Hirakata,JPN
Hiratsuka,JPN
Hirosaki,JPN
Hiroshima,JPN
Hisar,IND
Hitachi,JPN
Hitachi-Naka,JPN
Ho Chi Minh City,VNM
Hobart,AUS
Hoeryong,PRK
Hohhot,CHN
Holguin,CUB
Holon,ISR
Homs,SYR
Homyel,BLR
Honcho,JPN
Hong,NGA
Hong Kong,HKG
Hongan,CHN
Hongjiang,CHN
Hongzhai,CHN
Honolulu,USA
Horad Barysaw,BLR
Horlivka,UKR
Hortolandia,BRA
Hosaina,ETH
Hospet,IND
Hosur,IND
Hotan,CHN
Houston,USA
Hpa-An,MMR
Hrodna,BLR
Hsinchu,TWN
Huacho,PER
Huadian,CHN
Huaian,CHN
Huaibei,CHN
Huaihua,CHN
Huainan,CHN
Huaiyin,CHN
Huambo,AGO
Huancayo,PER
Huanggang,CHN
Huanghua,CHN
Huanglongsi,CHN
Huangshan,CHN
Huangshi,CHN
Huangyan,CHN
Huanuco,PER
Huaycan,PER
Huayin,CHN
Huazhou,CHN
Hubli,IND
Huddersfield,GBR
Hue,VNM
Hugli,IND
Huichang,CHN
Huichon,PRK
Huili Chengguanzhen,CHN
Huilong,CHN
Huixquilucan,MEX
Huizhou,CHN
Hulin,CHN
Huludao,CHN
Hunchun,CHN
Huntington,USA
Huntington Beach,USA
Huntsville,USA
Huozhou,CHN
Huzhou,CHN
Hwasu-dong,KOR
Hyderabad,IND
Hyderabad City,PAK
Hyesan,PRK
Iasi,ROU
Ibadan,NGA
Ibague,COL
Ibaraki,JPN
Ibarra,ECU
Ibb,YEM
Ibirite,BRA
Ica,PER
Ichalkaranji,IND
Ichihara,JPN
Ichikawa,JPN
Ichinomiya,JPN
Ichon,KOR
Idlib,SYR
Ifakara,TZA
Iguacu,BRA
Ijebu-Ode,NGA
Ikare,NGA
Ikeja,NGA
Ikot Ekpene,NGA
Iksan,KOR
Ilagan,PHL
Ile-Ife,NGA
Ilesa,NGA
Ilford,GBR
Ilheus,BRA
Iligan,PHL
Iloilo,PHL
Ilorin,NGA
Imperatriz,BRA
Imphal,IND
Imus,PHL
Incheon,KOR
Indaiatuba,BRA
Indianapolis,USA
Indio,USA
Indore,IND
Inegol,TUR
Ingraj Bazar,IND
Inisa,NGA
Ipatinga,BRA
Ipiales,COL
Ipoh,MYS
Ipswich,AUS
Iquique,CHL
Iquitos,PER
Irakleio,GRC
Irapuato,MEX
Irbid,JOR
Iringa,TZA
Irkutsk,RUS
Irvine,USA
Irving,USA
Isanlu,NGA
Isesaki,JPN
Iseyin,NGA
Isidro Casanova,ARG
Isiro,COD
Iskenderun,TUR
Islamabad,PAK
Islington,GBR
Islip,USA
Ismailia,EGY
Isparta,TUR
Istanbul,TUR
Itabashi,JPN
Itaborai,BRA
Itabuna,BRA
Itagui,COL
Itajai,BRA
Itami,JPN
Itapecerica da Serra,BRA
Itapetininga,BRA
Itapevi,BRA
Itaquaquecetuba,BRA
Ittikara,IND
Itu,BRA
Ivano-Frankivsk,UKR
Ivanovo,RUS
Iwaki,JPN
Iwata,JPN
Iwo,NGA
Ixtapaluca,MEX
Izhevsk,RUS
Izmir,TUR
Izumo,JPN
Jabalpur,IND
Jabalya,XGZ
Jaboatao,BRA
Jaboatao dos Guararapes,BRA
Jacarei,BRA
Jackson,USA
Jacksonville,USA
Jacobabad,PAK
Jagdalpur,IND
Jaipur,IND
Jakarta,IDN
Jalalabad,AFG
Jalandhar,IND
Jalapa,GTM
Jalgaon,IND
Jalingo,NGA
Jalna,IND
Jamalpur,BGD
Jambi,IDN
Jammu,IND
Jamnagar,IND
Jamshedpur,IND
Jaragua do Sul,BRA
Jaunpur,IND
Jayapura,IDN
Jeddah,SAU
Jeju,KOR
Jember,IDN
Jeonju,KOR
Jequie,BRA
Jerez de la Frontera,ESP
Jersey City,USA
Jerusalem,ISR
Jessore,BGD
Jhang City,PAK
Jhansi,IND
Jhelum,PAK
Jhenida,BGD
Jiaji,CHN
Jiamusi,CHN
Jian,CHN
Jian Shi,CHN
Jiancheng,CHN
Jiangguanchi,CHN
Jiangjiafan,CHN
Jiangmen,CHN
Jiangshan,CHN
Jianguang,CHN
Jiangyin,CHN
Jiannan,CHN
Jianou,CHN
Jianshe,CHN
Jiaojiangcun,CHN
Jiaozhou,CHN
Jiaozuo,CHN
Jiaxing,CHN
Jiayuguan,CHN
Jieshou,CHN
Jiexiu,CHN
Jieyang,CHN
Jijiga,ETH
Jilin,CHN
Jinan,CHN
Jinchang,CHN
Jincheng,CHN
Jind,IND
Jine,#N/A
Jingcheng,CHN
Jingdezhen,CHN
Jinggang,CHN
Jinghai,CHN
Jinghong,CHN
Jingling,CHN
Jinhua,CHN
Jining,CHN
Jinshan,CHN
Jinshi,CHN
Jinzhou,CHN
Jitpur,NPL
Jiujiang,CHN
Jiutai,CHN
Jiutepec,MEX
Jixi,CHN
Jizzax,UZB
Joao Pessoa,BRA
Jodhpur,IND
Joetsu,JPN
Johannesburg,ZAF
Johor Bahru,MYS
Joinvile,BRA
Jos,NGA
Jose C. Paz,ARG
Jose Maria Ezeiza,ARG
Juarez,MEX
Juazeiro,BRA
Juazeiro do Norte,BRA
Juba,SSD
Juiz de Fora,BRA
Juliaca,PER
Junagadh,IND
Junagarh,IND
Jundiai,BRA
Jurong,CHN
Jutiapa,GTM
Kabankalan,PHL
Kabinda,COD
Kabul,AFG
Kaduna,NGA
Kaechon,PRK
Kaesong,PRK
Kafr ad Dawwar,EGY
Kafr Saqr,EGY
Kafue,ZMB
Kagithane,TUR
Kagoshima,JPN
Kahama,TZA
Kahramanmaras,TUR
Kaifeng Chengguanzhen,CHN
Kaihua,CHN
Kairouan,TUN
Kaiyuan,CHN
Kajang,MYS
Kajo Kaji,SSD
Kakinada,IND
Kakogawacho-honmachi,JPN
Kalale,BEN
Kalamazoo,USA
Kalamboli,IND
Kalar,IRQ
Kaliningrad,RUS
Kaluga,RUS
Kalyan,IND
Kamakurayama,JPN
Kamarhati,IND
Kamensk-Uralskiy,RUS
Kamianske,UKR
Kamina,COD
Kamirenjaku,JPN
Kampala,UGA
Kananga,COD
Kanazawa,JPN
Kandahar,AFG
Kandi,BEN
Kanggye,PRK
Kangqiao,CHN
Kankan,GIN
Kano,NGA
Kanpur,IND
Kansas City,USA
Kaohsiung,TWN
Kaolack,SEN
Kapra,IND
Karachi,PAK
Karaikandi,IND
Karaikkudi,IND
Karaj,IRN
Karakopru,TUR
Karaman,TUR
Karamay,CHN
Karawang,IDN
Karbala,IRQ
Karimnagar,IND
Karjat,IND
Karlsruhe,DEU
Karnal,IND
Karsiyaka,TUR
Kartal,TUR
Karur,IND
Kasama,ZMB
Kasangati,UGA
Kashan,IRN
Kashgar,CHN
Kashipur,IND
Kashiwa,JPN
Kassala,SDN
Kassel,DEU
Kasugai,JPN
Kasukabe,JPN
Kasulu,TZA
Kasur,PAK
Katako-Kombe,COD
Katha,MMR
Kathmandu,NPL
Katihar,IND
Katlehong,ZAF
Katowice,POL
Katri,IND
Katsina,NGA
Katsushika-ku,JPN
Kaunas,LTU
Kaura Namoda,NGA
Kawachicho,JPN
Kawagoe,JPN
Kawaguchi,JPN
Kawasaki,JPN
Kayapinar,TUR
Kayseri,TUR
Kazan,RUS
Kebili,TUN
Kebri Beyah,ETH
Kebri Dehar,ETH
Kecioren,TUR
Kecskemet,HUN
Kediri,IDN
Keelung,TWN
Kelowna,CAN
Kemerovo,RUS
Kempton Park,ZAF
Kendari,IDN
Kenema,SLE
Keningau,MYS
Kenitra,MAR
Kennewick,USA
Kerman,IRN
Kermanshah,IRN
Kesbewa,LKA
Ketou,BEN
Khabarovsk,RUS
Khairpur Tamewah,PAK
Khammam,IND
Khan Yunis,XGZ
Khanapur,IND
Khandwa,IND
Khanewal,PAK
Khanpur,PAK
Khapalu,PAK
Kharagpur,IND
Khargone,IND
Kharkiv,UKR
Khartoum,SDN
Khartoum North,SDN
Khatima,IND
Khayelitsha,ZAF
Khenifra,MAR
Kherson,UKR
Khimki,RUS
Khipro,PAK
Khmelnytskyi,UKR
Khomeyni Shahr,IRN
Khon Kaen,THA
Khorramabad,IRN
Khost,AFG
Khowrhesht,IRN
Khowy,IRN
Khujand,TJK
Khulna,BGD
Khwazakhela,PAK
Kibaha,TZA
Kibanseke Premiere,COD
Kichha,IND
Kidapawan,PHL
Kiel,DEU
Kielce,POL
Kigali,RWA
Kikuyu,KEN
Kikwit,COD
Killeen,USA
Kimberley,ZAF
Kimhae,KOR
Kindia,GIN
Kindu,COD
Kingston,JAM
Kingston upon Hull,GBR
Kinh Mon,VNM
Kinshasa,COD
Kiratot,IND
Kirikkale,TUR
Kirkuk,IRQ
Kirov,RUS
Kirsehir,TUR
Kisangani,COD
Kisenzi,COD
Kishangarh,IND
Kishiwada,JPN
Kisi,NGA
Kismaayo,SOM
Kissimmee,USA
Kisumu,KEN
Kita-ku,JPN
Kitakyushu,JPN
Kitchener,CAN
Kitenkela,KEN
Kitwe,ZMB
Kiziltepe,TUR
Klaipeda,LTU
Klang,MYS
Klerksdorp,ZAF
Kluang,MYS
Knoxville,USA
Kobe,JPN
Kocaeli,TUR
Kocasinan,TUR
Kochi,IND
Kodaira,JPN
Kodumur,IND
Kofu,JPN
Kohat,PAK
Kokshetau,KAZ
Kolga,IND
Kolhapur,IND
Kolkata,IND
Kolpino,RUS
Kolwezi,COD
Komsomolsk-na-Amure,RUS
Konak,TUR
Konibodom,TJK
Konya,TUR
Korba,IND
Korfez,TUR
Korhogo,CIV
Koriyama,JPN
Korla,CHN
Korolev,RUS
Koronadal,PHL
Koshigaya,JPN
Kosice,SVK
Kostroma,RUS
Kot Radha Kishan,PAK
Kota,IND
Kota Bharu,MYS
Kota Kinabalu,MYS
Kotdwara,IND
Kotla Qasim Khan,PAK
Koto-ku,JPN
Kotri,PAK
Kottayam,IND
Koudougou,BFA
Koumassi,CIV
Kouribga,MAR
Kowloon,HKG
Kowloon City,HKG
Krakow,POL
Krasnodar,RUS
Krasnogorsk,RUS
Krasnoyarsk,RUS
Krefeld,DEU
Kremenchuk,UKR
Krishnarajpur,IND
Kroonstad,ZAF
Kropyvnytskyi,UKR
Kryvyi Rih,UKR
Kuaidamao,CHN
Kuala Lumpur,MYS
Kuala Terengganu,MYS
Kuantan,MYS
Kuching,MYS
Kuchlagh,PAK
Kucukcekmece,TUR
Kuiju,CHN
Kuje,NGA
Kukatpalli,IND
Kukawa,NGA
Kulai,MYS
Kumagaya,JPN
Kumamoto,JPN
Kumasi,GHA
Kumi,KOR
Kumul,CHN
Kunduz,AFG
Kunming,CHN
Kunpo,KOR
Kunsan,KOR
Kupang,IDN
Kuqa,CHN
Kurashiki,JPN
Kure,JPN
Kurgan,RUS
Kurmuk,SDN
Kurnool,IND
Kursk,RUS
Kurume,JPN
Kushiro,JPN
Kushtia,BGD
Kusong,PRK
Kusti,SDN
Kutahya,TUR
Kuwait City,KWT
Kuytun,CHN
Kyaukse,MMR
Kyaunggon,MMR
Kyiv,UKR
Kyongju,KOR
Kyoto,JPN
La Ceiba,HND
La Florida,CHL
La Guaira,VEN
La Laguna,ESP
La Paz,BOL
La Pintana,CHL
La Plata,ARG
La Rioja,ARG
La Serena,CHL
La Vega,DOM
La Victoria,VEN
Laayoune,MAR
Lae,PNG
Lafayette,USA
Lafia,NGA
Lagos,NGA
Lagos de Moreno,MEX
Lahad Datu,MYS
Lahore,PAK
Laibin,CHN
Laiwu,CHN
Laixi,CHN
Laiyang,CHN
Lajes,BRA
Lakeland,USA
Lakewood,USA
Lancaster,USA
Lang Son,VNM
Langfang,CHN
Langsa,IDN
Langzhong,CHN
Lansing,USA
Lanus,ARG
Lanxi,CHN
Lanzhou,CHN
Laohekou,CHN
Lapu-Lapu City,PHL
Laqtah,QAT
Laredo,USA
Larkana,PAK
Las Condes,CHL
Las Heras,ARG
Las Palmas,ESP
Las Pinas City,PHL
Las Tunas,CUB
Las Vegas,USA
Lashkar Gah,AFG
Latakia,SYR
Lauro de Freitas,BRA
Laval,CAN
Le Havre,FRA
Lecheng,CHN
Leeds,GBR
Leesburg,USA
Leganes,ESP
Legazpi City,PHL
Leicester,GBR
Leipzig,DEU
Leiyang,CHN
Leizhou,CHN
Leling,CHN
Lembok,IDN
Lengshuijiang,CHN
Leon,NIC
Leon de los Aldama,MEX
Leping,CHN
Leshan,CHN
Letpandan,MMR
Leverkusen,DEU
Lexington,USA
Lhasa,CHN
Lhokseumawe,IDN
Liancheng,CHN
Liangshi,CHN
Lianjiang,CHN
Lianran,CHN
Lianshan,CHN
Lianyuan,CHN
Lianzhou,CHN
Liaocheng,CHN
Liaoyang,CHN
Liaoyuan,CHN
Libreville,GAB
Licheng,CHN
Lichuan,CHN
Liege,BEL
Likasi,COD
Lille,FRA
Lilongwe,MWI
Lima,PER
Limassol,CYP
Limeira,BRA
Linan,CHN
Lincang,CHN
Lincoln,USA
Linfen,CHN
Lingampalli,IND
Lingbao Chengguanzhen,CHN
Lingcheng,CHN
Linghai,CHN
Lingxi,CHN
Lingyuan,CHN
Linhai,CHN
Linhares,BRA
Linjiang,CHN
Linxia Chengguanzhen,CHN
Linyi,CHN
Linz,AUT
Lipa City,PHL
Lipetsk,RUS
Lisbon,PRT
Lishui,CHN
Little Rock,USA
Liuzhou,CHN
Liverpool,GBR
Ljubljana,SVN
Lobito,AGO
Lochau,AUT
Lodz,POL
Loja,ECU
Lokoja,NGA
London,GBR
Londrina,BRA
Long Beach,USA
Long Xuyen,VNM
Longba,CHN
Longjiang,CHN
Longjin,CHN
Longjing,CHN
Longquan,CHN
Longueuil,CAN
Longyan,CHN
Longzhou,CHN
Loni,IND
Lorain,USA
Los Alcarrizos,DOM
Los Angeles,USA
Los Mochis,MEX
Los Teques,VEN
Loudi,CHN
Louisville,USA
Loures,PRT
Luan,CHN
Luanda,AGO
Luanzhou,CHN
Lubango,AGO
Lubao,PHL
Lubbock,USA
Lubeck,DEU
Lublin,POL
Lubuklinggau,IDN
Lubumbashi,COD
Lucapa,AGO
Lucena,PHL
Lucknow,IND
Ludhiana,IND
Ludwigshafen,DEU
Luena,AGO
Luhansk,UKR
Lunga-Lunga,KEN
Luocheng,CHN
Luofeng,CHN
Luohe,CHN
Luoyang,CHN
Luque,PRY
Lusaka,ZMB
Luton,GBR
Lutsk,UKR
Luxor,EGY
Luzhang,CHN
Luzhou,CHN
Luziania,BRA
Lviv,UKR
Lyon,FRA
Lyubertsy,RUS
Maanshan,CHN
Maastricht,NLD
Mabalacat,PHL
Macae,BRA
Macapa,BRA
Macau,MAC
Maceio,BRA
Machala,ECU
Macheng,CHN
Machida,JPN
Machilipatnam,IND
Macon,USA
Macuspana,MEX
Madan,IRN
Madanapalle,IND
Madhubani,IND
Madhyamgram,IND
Madinat as Sadis min Uktubar,EGY
Madison,USA
Madiun,IDN
Madrid,ESP
Madurai,IND
Maebashi,JPN
Magdeburg,DEU
Mage,BRA
Magnitogorsk,RUS
Magway,MMR
Magwe,SSD
Mahabad,IRN
Mahad,IND
Mahajanga,MDG
Maharagama,LKA
Mahbubnagar,IND
Mahesana,IND
Mahilyow,BLR
Mahlaing,MMR
MaiAdua,NGA
Maidstone,GBR
Maiduguri,NGA
Mainz,DEU
Maipu,CHL
Majene,IDN
Makassar,IDN
Makati City,PHL
Makhachkala,RUS
Makiivka,UKR
Makurdi,NGA
Malabo,GNQ
Malabon,PHL
Malaga,ESP
Malakwal,PAK
Malang,IDN
Malanje,AGO
Malanville,BEN
Malard,IRN
Malatya,TUR
Malaybalay,PHL
Malayer,IRN
Maldah,IND
Malegaon,IND
Malema,MOZ
Maler Kotla,IND
Malkajgiri,IND
Malkapur,IND
Mallawi,EGY
Malmo,SWE
Malolos,PHL
Malumfashi,NGA
Mamak,TUR
Mambere,CAF
Mamou,GIN
Mamuju,IDN
Man,CIV
Manado,IDN
Manado Light,IDN
Managua,NIC
Manama,BHR
Manaus,BRA
Manavgat,TUR
Manchester,GBR
Mandalay,MMR
Mandaluyong City,PHL
Mandaue City,PHL
Mandi Bahauddin,PAK
Mandi Burewala,PAK
Mang La,VNM
Mangalore,IND
Manhattan,USA
Manila,PHL
Manisa,TUR
Manizales,COL
Mannheim,DEU
Manta,ECU
Manukau City,NZL
Manzanillo,MEX
Manzhouli,CHN
Maoming,CHN
Maputo,MOZ
Mar del Plata,ARG
Maraba,BRA
Maracaibo,VEN
Maracanau,BRA
Maradi,NER
Maragheh,IRN
Marawi City,PHL
Marbella,ESP
Marcory,CIV
Mardan,PAK
Marg`ilon,UZB
Marica,BRA
Marikina City,PHL
Marilao,PHL
Marilia,BRA
Maringa,BRA
Mariupol,UKR
Marka,SOM
Markham,CAN
Maroua,CMR
Marrakech,MAR
Marseille,FRA
Martapura,IDN
Marysville,USA
Masan,KOR
Masaurhi Buzurg,IND
Maseru,LSO
Mashhad,IRN
Masqat,OMN
Masvingo,ZWE
Matadi,COD
Mataram,IDN
Mathura,IND
Matola,MOZ
Matosinhos,PRT
Matrah,OMN
Matsudo,JPN
Matsue,JPN
Matsumoto,JPN
Matsuyama,JPN
Matsuzaka,JPN
Maturin,VEN
Mau,IND
Maua,BRA
Mauldin,USA
Mauli,IND
Maungdaw,MMR
Mawlamyine,MMR
Mazabuka,ZMB
Mazar-e Sharif,AFG
Mazatlan,MEX
Mbale,UGA
Mbandaka,COD
Mbanza Kongo,AGO
Mbarara,UGA
Mbeya,TZA
Mbuji-Mayi,COD
McAllen,USA
McKinney,USA
Mecca,SAU
Medan,IDN
Medellin,COL
Medford,USA
Medina,SAU
Medinipur,IND
Meerut,IND
Meguro,JPN
Mehrabpur,PAK
Meicheng,CHN
Meihekou,CHN
Meiktila,MMR
Meilan,CHN
Meishan,CHN
Meizhou,CHN
Mekele,ETH
Meknes,MAR
Mel Palaiyam,IND
Melaka,MYS
Melbourne,AUS
Melikgazi,TUR
Memphis,USA
Menemen,TUR
Menongue,AGO
Meram,TUR
Merced,USA
Merida,MEX
Merlo,ARG
Mersin,TUR
Mesa,USA
Messina,ITA
Metouia,TUN
Metro,IDN
Mexicali,MEX
Mexico,PHL
Mexico City,MEX
Meycauayan,PHL
Mezitli,TUR
Miami,USA
Mianyang,CHN
Milagro,ECU
Milan,ITA
Milton Keynes,GBR
Miluo Chengguanzhen,CHN
Milwaukee,USA
Minamisuita,JPN
Minatitlan,MEX
Minato,JPN
Minbya,MMR
Mingaora,PAK
Mingguang,CHN
Minna,NGA
Minneapolis,USA
Minsk,BLR
Minzhu,CHN
Miri,MYS
Mirialguda,IND
Mirpur Bhtoro,PAK
Mirpur Khas,PAK
Mirpur Mathelo,PAK
Mirzapur,IND
Mishan,CHN
Misratah,LBY
Mission Viejo,USA
Mississauga,CAN
Mitchells Plain,ZAF
Mito,JPN
Mixco,GTM
Miyakonojo,JPN
Miyazaki,JPN
Mizhou,CHN
Moanda,COD
Mobile,USA
Mocamedes,AGO
Modena,ITA
Modesto,USA
Moga,IND
Mogadishu,SOM
Mogi das Cruzes,BRA
Mogi Guacu,BRA
Mogok,MMR
Mohammedia,MAR
Mokameh,IND
Mokpo,KOR
Molo,KEN
Mombasa,KEN
Monchengladbach,DEU
Monclova,MEX
Monghyr,IND
Mongu,ZMB
Monrovia,LBR
Monteria,COL
Monterrey,MEX
Montevideo,URY
Montgomery,USA
Montpellier,FRA
Montreal,CAN
Monywa,MMR
Moradabad,IND
Moratuwa,LKA
Morbi,IND
Morelia,MEX
Morena,IND
Moreno Valley,USA
Morioka,JPN
Morogoro,TZA
Morsi,IND
Moscow,RUS
Mossoro,BRA
Mostoles,ESP
Mosul,IRQ
Mothihari,IND
Mount Lavinia,LKA
Mpanda,TZA
Muar,MYS
Mudanjiang,CHN
Muhanga,RWA
Mukono,UGA
Mulangodi,IND
Mulheim,DEU
Multai,IND
Multan,PAK
Mumbai,IND
Munich,DEU
Munro Turuttu,IND
Munster,DEU
Muntinlupa City,PHL
Murcia,ESP
Murfreesboro,USA
Muridke,PAK
Murmansk,RUS
Murtazabad,IND
Mus,TUR
Muscat,OMN
Mushin,NGA
Muskegon,USA
Mutare,ZWE
Muzaffargarh,PAK
Muzaffarpur,IND
Mwanza,TZA
Mwene-Ditu,COD
My Tho,VNM
Myawadi,MMR
Myeik,MMR
Myitkyina,MMR
Mykolaiv,UKR
Mymensingh,BGD
Myrtle Beach,USA
Mytishchi,RUS
Naberezhnyye Chelny,RUS
Nablus,XWB
Nada,CHN
Nadiad,IND
Nador,MAR
Naga City,PHL
Nagano,JPN
Nagaoka,JPN
Nagareyama,JPN
Nagasaki,JPN
Nagercoil,IND
Nagoya,JPN
Nagpur,IND
Nagqu,CHN
Naha,JPN
Naic,PHL
Naihati,IND
Nairobi,KEN
Najafabad,IRN
Najafgarh,IND
Nakano,JPN
Nakhon Ratchasima,THA
Nakuru,KEN
Nalchik,RUS
Nalgonda,IND
Nam Dinh,VNM
Namangan,UZB
Nampa,USA
Nampo,PRK
Nampula,MOZ
Nan Zhuang,CHN
Nanchang,CHN
Nanchong,CHN
Nanded,IND
Nandyal,IND
Nangandao,CHN
Nangong,CHN
Nanjing,CHN
Nanning,CHN
Nanping,CHN
Nanqiao,CHN
Nansana,UGA
Nantes,FRA
Nantong,CHN
Nanyang,CHN
Naples,ITA
Nara,JPN
Narashino,JPN
Narayanganj,BGD
Narela,IND
Narsingdi,BGD
Nashua,USA
Nashville,USA
Nasik,IND
Nasim Shahr,IRN
Nassau,BHS
Natal,BRA
Natogyi,MMR
Naucalpan de Juarez,MEX
Nava Raipur,IND
Navadwip,IND
Navotas,PHL
Nawabshah,PAK
Nawada,IND
Nawsari,IND
Nay Pyi Taw,MMR
Nazilli,TUR
Nazipur,BGD
Nazret,ETH
Ndalatando,AGO
NDjamena,TCD
Ndjili,COD
Ndola,ZMB
Ndulo,AGO
Nedumana,IND
Nehe,CHN
Neijiang,CHN
Neiva,COL
Nelamangala,IND
Nellore,IND
Nenjiang,CHN
Nerima,JPN
Netanya,ISR
Neuquen,ARG
Neuss,DEU
New Bedford,USA
New Delhi,IND
New Haven,USA
New Orleans,USA
New York,USA
Newark,USA
Newcastle,ZAF
Newport,GBR
Newport News,USA
Neya,JPN
Neyshabur,IRN
Neyveli,IND
Nezahualcoyotl,MEX
Ngaoundere,CMR
Nghi Son,VNM
Nguru,NGA
Nha Trang,VNM
Niamey,NER
Nice,FRA
Nicolas Romero,MEX
Nicosia,CYP
Niigata,JPN
Niiza,JPN
Nijmegen,NLD
Nilufer,TUR
Ningan,CHN
Ningbo,CHN
Ningde,CHN
Ninh Binh,VNM
Nis,SRB
Nishinomiya-hama,JPN
Nishio,JPN
Nishitokyo,JPN
Niteroi,BRA
Nizamabad,IND
Nizhnekamsk,RUS
Nizhnevartovsk,RUS
Nizhniy Novgorod,RUS
Nizhniy Tagil,RUS
Njeru,UGA
Nnewi,NGA
Nneyi-Umuleri,NGA
Noda,JPN
Nogales,MEX
Noginsk,RUS
Noida,IND
Nongan,CHN
Nonthaburi,THA
Norfolk,USA
Norilsk,RUS
North Hempstead,USA
North Las Vegas,USA
Northampton,GBR
Northcote,NZL
Norwich,GBR
Nossa Senhora do Socorro,BRA
Nottingham,GBR
Nouakchott,MRT
Noumea,NCL
Nova Friburgo,BRA
Novi Sad,SRB
Novo Hamburgo,BRA
Novocherkassk,RUS
Novokuznetsk,RUS
Novorossiysk,RUS
Novosibirsk,RUS
Nowgong,IND
Nqutu,ZAF
Nuevo Laredo,MEX
Nukus,UZB
Numazu,JPN
Nuremberg,DEU
Nyala,SDN
Nyiregyhaza,HUN
NZerekore,GIN
Oakashicho,JPN
Oakland,USA
Oakville,CAN
Oaxaca,MEX
Oberhausen,DEU
Obihiro,JPN
Obuase,GHA
Ocala,USA
Oceanside,USA
Odawara,JPN
Odense,DNK
Odesa,UKR
Odessa,USA
Oeiras,PRT
Offa,NGA
Ogaki,JPN
Ogbomoso,NGA
Ogden,USA
Oita,JPN
Okara,PAK
Okayama,JPN
Okazaki,JPN
Okene,NGA
Oklahoma City,USA
Oldenburg,DEU
Olinda,BRA
Olongapo,PHL
Olsztyn,POL
Olympia,USA
Omaha,USA
Omdurman,SDN
Omsk,RUS
Ondo,NGA
Ongata Rongai,KEN
Ongole,IND
Onitsha,NGA
Ontario,USA
Oradea,ROU
Orai,IND
Oral,KAZ
Ordu,TUR
Orel,RUS
Orenburg,RUS
Orlando,USA
Ormoc,PHL
Orsk,RUS
Orumiyeh,IRN
Oruro,BOL
Osaka,JPN
Osan,KOR
Osasco,BRA
Osh,KGZ
Oshawa,CAN
Osisioma,NGA
Oskemen,KAZ
Oslo,NOR
Osmangazi,TUR
Osmaniye,TUR
Osnabruck,DEU
Osogbo,NGA
Osorno,CHL
Ostrava,CZE
Ota,JPN
Ota-ku,JPN
Otsu,JPN
Ottawa,CAN
Ouagadougou,BFA
Ouargla,DZA
Oujda-Angad,MAR
Oulgaret,IND
Oulu,FIN
Oume,CIV
Overland Park,USA
Oviedo,ESP
Owerri,NGA
Owo,NGA
Oxnard,USA
Oyama,JPN
Oyo,NGA
Oyster Bay,USA
Pabna,BGD
Pachuca,MEX
Padalarang,IDN
Padang,IDN
Padangsidempuan,IDN
Paderborn,DEU
Padiala,IND
Padova,ITA
Pagadian,PHL
Paju,KOR
Pak Kret,THA
Pakdasht,IRN
Palangkaraya,IDN
Palanpur,IND
Palembang,IDN
Palermo,COL
Pali,IND
Pallavaram,IND
Palm Bay,USA
Palma,ESP
Palmas,BRA
Palmdale,USA
Palmira,COL
Palni,IND
Palo Negro,VEN
Palopo,IDN
Palu,IDN
Pamplona,ESP
Pamukkale,TUR
Panabo,PHL
Panama City,PAN
Panchkula,IND
Pandharpur,IND
Pandhurna,IND
Pandi,PHL
Pangkalpinang,IDN
Pangzawl,IND
Panihati,IND
Panipat,IND
Panshi,CHN
Panvel,IND
Papantla de Olarte,MEX
Parachinar,PAK
Paradise,USA
Parakou,BEN
Paramaribo,SUR
Parana,ARG
Parbhani,IND
Paris,FRA
Parma,ITA
Parnaiba,BRA
Parnamirim,BRA
Pasarkemis,IDN
Pasay City,PHL
Pasig City,PHL
Pasir Gudang,MYS
Passo Fundo,BRA
Pasto,COL
Pasuruan,IDN
Paterson,USA
Pathankot,IND
Pathardi,IND
Pathein,MMR
Patiala,IND
Patna,IND
Patos de Minas,BRA
Patra,GRC
Paulista,BRA
Pavlodar,KAZ
Pecs,HUN
Pekalongan,IDN
Pekanbaru,IDN
Pelotas,BRA
Pematangsiantar,IDN
Pembroke Pines,USA
Penalolen,CHL
Pencheng,CHN
Pendik,TUR
Pensacola,USA
Penza,RUS
Peoria,USA
Pereira,COL
Perm,RUS
Perth,AUS
Perugia,ITA
Peshawar,PAK
Petah Tiqwa,ISR
Petaling Jaya,MYS
Petare,VEN
Petarukan,IDN
Peterborough,GBR
Petion-Ville,HTI
Petite Riviere de lArtibonite,HTI
Petlad,IND
Petrel,ESP
Petrolina,BRA
Petropavl,KAZ
Petropavlovsk-Kamchatskiy,RUS
Petropolis,BRA
Petrozavodsk,RUS
Phan Rang-Thap Cham,VNM
Phan Thiet,VNM
Phatthaya,THA
Philadelphia,USA
Phillaur,IND
Phnom Penh,KHM
Phoenix,USA
Phu Tu Son,VNM
Phu Yen,VNM
Piedras Negras,MEX
Pietermaritzburg,ZAF
Pikine,SEN
Pilar,ARG
Pilibhit,IND
Pimpri-Chinchwad,IND
Pinar del Rio,CUB
Pindamonhangaba,BRA
Pindi Bhattian,PAK
Pingdingshan,CHN
Pingdu,CHN
Pinghu,CHN
Pingliang,CHN
Pingquan,CHN
Pingtung,TWN
Pingxiang,CHN
Pingzhen,TWN
Pinrang,IDN
Piracicaba,BRA
Piraeus,GRC
Pishbar,IRN
Pittsburgh,USA
Piura,PER
Pizhou,CHN
Plano,USA
Playa del Carmen,MEX
Ploiesti,ROU
Plovdiv,BGR
Plymouth,GBR
Plzen,CZE
Pocheon,KOR
Pocos de Caldas,BRA
Podgorica,MNE
Podolsk,RUS
Pohang,KOR
Pointe-a-Pitre,GLP
Pointe-Noire,COG
Pokhara,NPL
Polomolok,PHL
Poltava,UKR
Pondokaren,IDN
Ponta Grossa,BRA
Pontianak,IDN
Popayan,COL
Porbandar,IND
Port Harcourt,NGA
Port Moresby,PNG
Port Said,EGY
Port St. Lucie,USA
Port Sudan,SDN
Port-au-Prince,HTI
Port-Bouet,CIV
Portland,USA
Portmore,JAM
Porto,PRT
Porto Alegre,BRA
Porto Seguro,BRA
Porto Velho,BRA
Portoviejo,ECU
Portsmouth,GBR
Posadas,ARG
Potosi,BOL
Potsdam,DEU
Poughkeepsie,USA
Poza Rica de Hidalgo,MEX
Poznan,POL
Prabumulih,IDN
Prague,CZE
Praia Grande,BRA
Prato,ITA
Prayagraj,IND
Presidente Prudente,BRA
Pretoria,ZAF
Pristina,XKS
Prizren,XKS
Probolinggo,IDN
Proddatur,IND
Prokopyevsk,RUS
Providence,USA
Provo,USA
Pskov,RUS
Pucallpa,PER
Pudong,CHN
Puducherry,IND
Puebla,MEX
Puente Alto,CHL
Puerto Cabello,VEN
Puerto La Cruz,VEN
Puerto Montt,CHL
Puerto Plata,DOM
Puerto Princesa,PHL
Puerto Vallarta,MEX
Pulimaddi,IND
Pune,IND
Puning,CHN
Punto Fijo,VEN
Puqi,CHN
Puri,IND
Purnea,IND
Purwakarta,IDN
Purwokerto,IDN
Putian,CHN
Puxi,CHN
Puyang,CHN
Puyang Chengguanzhen,CHN
Pyeongtaek,KOR
Pyong-dong,KOR
Pyongsong-si,PRK
Pyongyang,PRK
Qaem Shahr,IRN
Qal`at Bishah,SAU
Qalyub,EGY
Qamdo,CHN
Qaraghandy,KAZ
Qarchak,IRN
Qardho,SOM
Qarshi,UZB
Qazvin,IRN
Qianan,CHN
Qianxi,CHN
Qianzhou,CHN
Qillin,EGY
Qina,EGY
Qinbaling,CHN
Qincheng,CHN
Qingdao,CHN
Qingnian,CHN
Qingping,CHN
Qingyang,CHN
Qingyuan,CHN
Qingzhen,CHN
Qingzhou,CHN
Qinhuangdao,CHN
Qinzhou,CHN
Qionghu,CHN
Qiqihar,CHN
Qo`qon,UZB
Qom,IRN
Qostanay,KAZ
Quang Ha,VNM
Quang Ngai,VNM
Quang Yen,VNM
Quanzhou,CHN
Quebec City,CAN
Queens,USA
Quelimane,MOZ
Queretaro,MEX
Quetta,PAK
Quetzaltenango,GTM
Quevedo,ECU
Quezon City,PHL
Qufu,CHN
Quibala,AGO
Quilicura,CHL
Quilmes,ARG
Quilon,IND
Quipungo,AGO
Quito,ECU
Qujing,CHN
Quy Nhon,VNM
Quzhou,CHN
Qyzylorda,KAZ
Rabat,MAR
Rach Gia,VNM
Radom,POL
Rae Bareli,IND
Rafah,XGZ
Rafsanjan,IRN
Rahimyar Khan,PAK
Raichur,IND
Raiganj,IND
Raipur,IND
Raisinghnagar,IND
Rajahmundry,IND
Rajapalaiyam,IND
Rajendranagar,IND
Rajin,PRK
Rajkot,IND
Rajshahi,BGD
Raleigh,USA
Ramat Gan,ISR
Ramgundam,IND
Ramnagar,IND
Rampur,IND
Rancagua,CHL
Ranchi,IND
Rancho Cucamonga,USA
Randburg,ZAF
Rangapukur,BGD
Rangoon,MMR
Rangpur,BGD
Rani,IND
Raniwara Kalan,IND
Raniyah,IRQ
Rantau Prapat,IDN
Rapar,IND
Ras el-Barr,EGY
Rasht,IRN
Ratanpur,IND
Ratlam,IND
Ratnagiri,IND
Ratnapura,LKA
Ratodero,PAK
Raurkela,IND
Ravenna,ITA
Rawalpindi,PAK
Reading,GBR
Recife,BRA
Regensburg,DEU
Reggio di Calabria,ITA
Reggio Emilia,ITA
Regina,CAN
Reims,FRA
Rennes,FRA
Reno,USA
Renqiu,CHN
Resistencia,ARG
Rewa,IND
Reynosa,MEX
Ribeirao das Neves,BRA
Ribeirao Preto,BRA
Richmond,USA
Richmond Hill,CAN
Riga,LVA
Rio Branco,BRA
Rio Claro,BRA
Rio Cuarto,ARG
Rio das Ostras,BRA
Rio de Janeiro,BRA
Rio Grande,BRA
Rio Verde,BRA
Riobamba,ECU
Riohacha,COL
Rishon LeZiyyon,ISR
Riverside,USA
Rivne,UKR
Riyadh,SAU
Rizhao,CHN
Roanoke,USA
Robertsonpet,IND
Rochester,USA
Rock Hill,USA
Rockford,USA
Rodriguez,PHL
Rohtak,IND
Rome,ITA
Rondonopolis,BRA
Rongcheng,CHN
Rongjiawan,CHN
Roodepoort,ZAF
Rosario,ARG
Rostock,DEU
Rostov,RUS
Rotterdam,NLD
Round Lake Beach,USA
Roxas City,PHL
Rucheng,CHN
Rudarpur,IND
Rufisque,SEN
Ruian,CHN
Ruiming,CHN
Rustenburg,ZAF
Ryazan,RUS
Rybinsk,RUS
Rzeszow,POL
Sa Dec,VNM
Saarbrucken,DEU
Sab` al Bur,IRQ
Sabadell,ESP
Sabya,SAU
Sabzevar,IRN
Sacaba,BOL
Sacramento,USA
Saddiqabad,PAK
Safi,MAR
Saga,JPN
Sagamihara,JPN
Sahab,JOR
Saharanpur,IND
Saharsa,IND
Sahiwal,PAK
Saidpur,BGD
Saint Petersburg,RUS
Saint-Denis,REU
Saint-Etienne,FRA
Saint-Louis,SEN
Saint-Marc,HTI
Saitama,JPN
Sakai,JPN
Sakaka,SAU
Sakarya,TUR
Saki,NGA
Sakura,JPN
Salalah,OMN
Salamanca,MEX
Salatiga,IDN
Sale,MAR
Salem,IND
Salihli,TUR
Salimpur,IND
Salinas,USA
Salt Lake City,USA
Salta,ARG
Saltillo,MEX
Salumbar,IND
Salvador,BRA
Salzburg,AUT
Samara,RUS
Samarinda,IDN
Samarkand,UZB
Samastipur,IND
Sambalpur,IND
Sambhal,IND
Sampaloc,PHL
Sampit,IDN
Samsun,TUR
San Andres Tuxtla,MEX
San Antonio,USA
San Bernardino,USA
San Bernardo,CHL
San Carlos City,PHL
San Cristobal,VEN
San Diego,USA
San Felipe,VEN
San Fernando,PHL
San Francisco,USA
San Francisco de Macoris,DOM
San Jose,USA
San Jose del Monte,PHL
San Juan,PRI
San Juan del Rio,MEX
San Juan Sacatepequez,GTM
San Lorenzo,PRY
San Luis,ARG
San Luis Potosi,MEX
San Luis Rio Colorado,MEX
San Marcos,CRI
San Martin Texmelucan de Labastida,MEX
San Mateo,PHL
San Miguel,SLV
San Miguel de Tucuman,ARG
San Miguel del Padron,CUB
San Miguelito,PAN
San Nicolas de los Arroyos,ARG
San Nicolas de los Garza,MEX
San Pablo,PHL
San Pedro,PHL
San Pedro Carcha,GTM
San Pedro de Macoris,DOM
San Pedro Sula,HND
San Rafael,ARG
San Salvador,SLV
San Salvador de Jujuy,ARG
Sanaa,YEM
Sanandaj,IRN
Sandakan,MYS
Sandnes,NOR
Sandton,ZAF
Sangereng,IDN
Sanghar,PAK
Sangli,IND
Sanhe,CHN
Sanliurfa,TUR
Sanmenxia,CHN
Sanming,CHN
Sannai,IND
San-Pedro,CIV
Santa Ana,USA
Santa Barbara,USA
Santa Barbara dOeste,BRA
Santa Clara,CUB
Santa Clarita,USA
Santa Cruz,BOL
Santa Cruz de la Sierra,BOL
Santa Fe,ARG
Santa Luzia,BRA
Santa Maria,PHL
Santa Maria Texmelucan,MEX
Santa Marta,COL
Santa Rita,VEN
Santa Rosa,PHL
Santa Tecla,SLV
Santa Teresa del Tuy,VEN
Santana de Parnaiba,BRA
Santander,ESP
Santander de Quilichao,COL
Santarem,BRA
Santiago,CHL
Santiago de Cuba,CUB
Santiago del Estero,ARG
Santo Agostinho,BRA
Santo Andre,BRA
Santo Domingo,DOM
Santo Domingo de los Colorados,ECU
Santo Domingo Este,DOM
Santo Tomas,PHL
Santos,BRA
Sanya,CHN
Sanzhou,CHN
Sao Bernardo do Campo,BRA
Sao Caetano do Sul,BRA
Sao Carlos,BRA
Sao Goncalo,BRA
Sao Jose,BRA
Sao Jose de Ribamar,BRA
Sao Jose do Rio Preto,BRA
Sao Jose dos Campos,BRA
Sao Jose dos Pinhais,BRA
Sao Leopoldo,BRA
Sao Luis,BRA
Sao Paulo,BRA
Sao Vicente,BRA
Sapele,NGA
Sapporo,JPN
Saqqez,IRN
Saqultah,EGY
Sarai Alamgir,PAK
Sarajevo,BIH
Saransk,RUS
Saratov,RUS
Sargodha,PAK
Sariaya,PHL
Saricam,TUR
Sariwon,PRK
Sariyer,TUR
Sarta,IRN
Sasaram,IND
Sasebo,JPN
Saskatoon,CAN
Satara,IND
Satna,IND
Saugor,IND
Saurimo,AGO
Savannah,USA
Savar,BGD
Saveh,IRN
Sawai Madhopur,IND
Sawangan,IDN
Sawran,IRQ
Scottsdale,USA
Scranton,USA
Seattle,USA
Seberang Jaya,MYS
Secunderabad,IND
Segamat,MYS
Seixal,PRT
Sejong,KOR
Sekondi,GHA
Selcuklu,TUR
Semarang,IDN
Semey,KAZ
Semnan,IRN
Sendai,JPN
Seogwipo,KOR
Seoul,KOR
Serang,IDN
Serekunda,GMB
Seremban,MYS
Serra,BRA
Setagaya,JPN
Sete Lagoas,BRA
Setif,DZA
Sevastopol,UKR
Severodvinsk,RUS
Sevilla,ESP
Seyhan,TUR
Sfax,TUN
Sha Tin,HKG
Shache,CHN
Shagamu,NGA
Shah Alam,MYS
Shah Latif Town,PAK
Shahe,CHN
Shahin Shahr,IRN
Shahjanpur,IND
Shahr-e Kord,IRN
Shahr-e Qods,IRN
Shahriar,IRN
Shakhty,RUS
Sham Shui Po,HKG
Shanghai,CHN
Shangqiu,CHN
Shangrao,CHN
Shangzhi,CHN
Shangzhou,CHN
Shanhu,CHN
Shantou,CHN
Shanwei,CHN
Shaoguan,CHN
Shaowu,CHN
Shaoxing,CHN
Shaoyang,CHN
Sharjah,ARE
Shashemene,ETH
Sheffield,GBR
Shekhupura,PAK
Shengli,CHN
Shenmu,CHN
Shenyang,CHN
Shenzhen,CHN
Shenzhou,CHN
Sherbrooke,CAN
s-Hertogenbosch,NLD
Shibin al Kawm,EGY
Shibin al Qanatir,EGY
Shibirghan,AFG
Shibuya-ku,JPN
Shihezi,CHN
Shijiazhuang,CHN
Shiliguri,IND
Shimla,IND
Shimoga,IND
Shinagawa-ku,JPN
Shinjuku,JPN
Shinozaki,JPN
Shiraz,IRN
Shishgarh,IND
Shishi,CHN
Shivpuri,IND
Shiyan,CHN
Shizuoka,JPN
Shorapur,IND
Shouguang,CHN
Shreveport,USA
Shrirampur,IND
Shuanghe,CHN
Shuangqiao,CHN
Shuangyashan,CHN
Shubra al Khaymah,EGY
Shubrakhit,EGY
Shuizhai,CHN
Shulan,CHN
Shuozhou,CHN
Shuyangzha,CHN
Shymkent,KAZ
Si Racha,THA
Sialkot City,PAK
Sibu,MYS
Siddhirganj,BGD
Sidfa,EGY
Sidi Aissa,DZA
Sidi Bel Abbes,DZA
Sidi Bouzid,TUN
Sidon,LBN
Siguiri,GIN
Sihui,CHN
Sihung,KOR
Siirt,TUR
Sikandarabad,IND
Sikar,IND
Sikasso,MLI
Silang,PHL
Silchar,IND
Simao,CHN
Simferopol,UKR
Sincan,TUR
Sincelejo,COL
Singa,SDN
Singapore,SGP
Singaraja,IDN
Singida,TZA
Singkawang,IDN
Singosari,IDN
Singrauliya,IND
Sinnuris,EGY
Sinop,BRA
Sintra,PRT
Sinuiju,PRK
Sioux Falls,USA
Siping,CHN
Sirajganj,BGD
Sirjan,IRN
Sirsa,IND
Sirur,IND
Sitapur,IND
Sivakasi,IND
Sivas,TUR
Siverek,TUR
Sizhan,CHN
Skikda,DZA
Skopje,MKD
Smolensk,RUS
Soacha,COL
Sobral,BRA
Soc Trang,VNM
Sochi,RUS
Sodo,ETH
Sofia,BGR
Soio,AGO
Soka,JPN
Sokoto,NGA
Solapur,IND
Soledad,COL
Soledad de Graciano Sanchez,MEX
Solihull,GBR
Solingen,DEU
Somolu,NGA
Son Tay,VNM
Songadh,IND
Songnam,KOR
Songyang,CHN
Songzi,CHN
Sonipat,IND
Sonpur,IND
Sorocaba,BRA
Sorong,IDN
Sorsogon,PHL
Sosan,KOR
Sosnowiec,POL
Soubre,CIV
Souk Ahras,DZA
Sousse,TUN
South Bend,USA
Southampton,GBR
Southend,GBR
Soweto,ZAF
Soyapango,SLV
Spartanburg,USA
Split,HRV
Spokane,USA
Spring Hill,USA
Spring Valley,USA
Springfield,USA
Srinagar,IND
St. Catharines,CAN
St. Johns,CAN
St. Louis,USA
St. Paul,USA
St. Petersburg,USA
Staryy Oskol,RUS
Staten Island,USA
Stavanger,NOR
Stavropol,RUS
Sterlitamak,RUS
Stockholm,SWE
Stockton,USA
Stoke-on-Trent,GBR
Strasbourg,FRA
Stuttgart,DEU
Sucre,BOL
Sudbury,CAN
Suez,EGY
Suginami-ku,JPN
Suhaj,EGY
Suihua,CHN
Suining,CHN
Sukabumi,IDN
Sukkur,PAK
Sullana,PER
Sultanbeyli,TUR
Sultanpur Mazra,IND
Sumare,BRA
Sumbawanga,TZA
Sumbe,AGO
Sumedang,IDN
Sumida,JPN
Sumqayit,AZE
Sumy,UKR
Suncheon,KOR
Sunchon,PRK
Sunderland,GBR
Sungai Petani,MYS
Sunnyvale,USA
Sunrise Manor,USA
Sunyani,GHA
Suohe,CHN
Suoluntun,CHN
Supaul,IND
Suqian,CHN
Surab,PAK
Surabaya,IDN
Surajgarha,IND
Surakarta,IDN
Surat,IND
Surgut,RUS
Surigao,PHL
Surrey,CAN
Suva,FJI
Suwon,KOR
Suzano,BRA
Suzhou,CHN
Suzuka,JPN
Swindon,GBR
Sydney,AUS
Syktyvkar,RUS
Sylhet,BGD
Syracuse,USA
Syzran,RUS
Szczecin,POL
Szeged,HUN
Szekesfehervar,HUN
Ta`izz,YEM
Taboao da Serra,BRA
Tabora,TZA
Tabriz,IRN
Tabuk,SAU
Tacheng,CHN
Tachikawa,JPN
Tacloban,PHL
Tacna,PER
Tacoma,USA
Taganrog,RUS
Taguig City,PHL
Tagum,PHL
Taian,CHN
Taichung,TWN
Taihe,CHN
Taihecun,CHN
Tainan,TWN
Taipei,TWN
Taiping,MYS
Taishan,CHN
Taisheng,CHN
Taito,JPN
Taixing,CHN
Taiyuan,CHN
Taizhou,CHN
Takamatsu,JPN
Takaoka,JPN
Takarazuka,JPN
Takasaki,JPN
Takatsuki,JPN
Tala,EGY
Talas,TUR
Talatona,AGO
Talca,CHL
Talhar,PAK
Talisay,PHL
Talkha,EGY
Tallahassee,USA
Tallinn,EST
Taluqan,AFG
Tamale,GHA
Tambaram,IND
Tambov,RUS
Tampa,USA
Tampere,FIN
Tampico,MEX
Tan An,VNM
Tan Phu,VNM
Tan Uyen,VNM
Tanauan,PHL
Tanbei,CHN
Tanchon,PRK
Tangail,BGD
Tangdong,CHN
Tangerang,IDN
Tangier,MAR
Tangshan,CHN
Tanjore,IND
Tanjungbalai,IDN
Tanjungpinang,IDN
Tanta,EGY
Tanza,PHL
Taourirt,MAR
Taoyuan District,TWN
Tapachula,MEX
Tarakan,IDN
Taranto,ITA
Tarapoto,PER
Taraz,KAZ
Tarija,BOL
Tarlac City,PHL
Tarrasa,ESP
Tarsus,TUR
Tashkent,UZB
Tasikmalaya,IDN
Taubate,BRA
Taunggyi,MMR
Taytay,PHL
Tbilisi,GEO
Tchaourou,BEN
Tchibota,COG
Tchitato,AGO
Tebessa,DZA
Tebingtinggi,IDN
Tecamac,MEX
Tegal,IDN
Tegucigalpa,HND
Tehran,IRN
Tehuacan,MEX
Tekirdag,TUR
Tel Aviv-Yafo,ISR
Teluk Intan,MYS
Tema,GHA
Temara,MAR
Temirtau,KAZ
Tempe,USA
Temuco,CHL
Tenali,IND
Tengyue,CHN
Tenkasi,IND
Tepic,MEX
Teresina,BRA
Teresopolis,BRA
Ternate,IDN
Ternopil,UKR
Tetouan,MAR
Thai Binh,VNM
Thai Nguyen,VNM
Thane,IND
Thanesar,IND
Thanh Hoa,VNM
Thanhlyin,MMR
Tharad,IND
Thari Mir Wah,PAK
Thatta,PAK
The Hague,NLD
Thessaloniki,GRC
Thies,SEN
Thingangyun,MMR
Thiruvananthapuram,IND
Thousand Oaks,USA
Thu Dau Mot,VNM
Thu Duc,VNM
Tianchang,CHN
Tianjin,CHN
Tiantoujiao,CHN
Tiaret,DZA
Tieli,CHN
Tieling,CHN
Tigaraksa,IDN
Tijuana,MEX
Tilburg,NLD
Timayy al Imdid,EGY
Timisoara,ROU
Timon,BRA
Tin Shui Wai,HKG
Tindwara,IND
Tinkhang,IND
Tinnevelly,IND
Tirana,ALB
Tirupati,IND
Tiruppur,IND
Tiruvannamalai,IND
Tiruvottiyur,IND
Tlalnepantla,MEX
Tlaquepaque,MEX
Tlemcen,DZA
Toamasina,MDG
Tochigi,JPN
Tocuyito,VEN
Tokat,TUR
Tokorozawa,JPN
Tokushima,JPN
Tokyo,JPN
Toledo,USA
Toliara,MDG
Toluca,MEX
Tolyatti,RUS
Tomakomai,JPN
Tomsk,RUS
Tonala,MEX
Tondo,PHL
Tongchuan,CHN
Tongchuanshi,CHN
Tongjiang,CHN
Tongjin,KOR
Tongliao,CHN
Tongren,CHN
Tongshan,CHN
Torbali,TUR
Toronto,CAN
Torun,POL
Toshima,JPN
Tottori,JPN
Touba,SEN
Toulon,FRA
Toulouse,FRA
Townsville,AUS
Toyama,JPN
Toyohashi,JPN
Toyokawa,JPN
Toyonaka,JPN
Toyota,JPN
Tra Vinh,VNM
Trabzon,TUR
Trang Bang,VNM
Trece Martires City,PHL
Trenton,USA
Trichinopoly,IND
Trichur,IND
Trieste,ITA
Tripoli,LBY
Trondheim,NOR
Trujillo,PER
Tshikapa,COD
Tsing Yi Town,HKG
Tsu,JPN
Tsukuba-kenkyugakuen-toshi,JPN
Tucson,USA
Tuguegarao,PHL
Tukh,EGY
Tula,RUS
Tulancingo,MEX
Tulsa,USA
Tultitlan de Mariano Escobedo,MEX
Tulua,COL
Tumaco,COL
Tumkur,IND
Tumpat,MYS
Tungi,BGD
Tuni,IND
Tunis,TUN
Tunja,COL
Turbat,PAK
Turbo,COL
Turgutlu,TUR
Turin,ITA
Turkistan,KAZ
Turkmenabat,TKM
Turku,FIN
Turmero,VEN
Turpan,CHN
Tuscaloosa,USA
Tuticorin,IND
Tuxtepec,MEX
Tuxtla,MEX
Tuy Hoa,VNM
Tuzla,TUR
Tver,RUS
Tyumen,RUS
Uacu Cungo,AGO
Ube,JPN
Uberaba,BRA
Uberlandia,BRA
Ubungo,TZA
Ucu Seles,AGO
Udaipur,IND
Udipi,IND
Ufa,RUS
Ugep,NGA
Uige,AGO
Uijeongbu,KOR
Uiwang,KOR
Uji,JPN
Ujjain,IND
Ulaanbaatar,MNG
Ulanhot,CHN
Ulan-Ude,RUS
Ulhasnagar,IND
Ulsan,KOR
Uluberiya,IND
Ulyanovsk,RUS
Umraniye,TUR
Umreth,IND
Umuahia,NGA
Ungaran,IDN
Unnao,IND
Uppsala,SWE
Urayasu,JPN
Uripa,COL
Uruapan,MEX
Urumqi,CHN
Usak,TUR
Usme,COL
Ussuriysk,RUS
Utrecht,NLD
Utsunomiya,JPN
Uttarpara,IND
Uvinza,TZA
Uvira,COD
Uyo,NGA
Vadodara,IND
Valencia,ESP
Valenzuela,PHL
Valera,VEN
Valladolid,ESP
Valledupar,COL
Vallejo,USA
Valletta,MLT
Valparaiso,CHL
Valsad,IND
Van,TUR
Vancouver,CAN
Vantaa,FIN
Varamin,IRN
Varanasi,IND
Varna,BGR
Varzea Grande,BRA
Vasai-Virar,IND
Vaughan,CAN
Velikiy Novgorod,RUS
Vellore,IND
Venice,ITA
Veracruz,MEX
Veraval,IND
Verona,ITA
Viamao,BRA
Victoria,CAN
Victorville,USA
Vidisha,IND
Vienna,AUT
Vientiane,LAO
Viet Tri,VNM
Vigo,ESP
Vijayawada,IND
Vila Nova de Gaia,PRT
Vila Teixeira da Silva,AGO
Vila Velha,BRA
Villa Canales,GTM
Villa Nueva,GTM
Villahermosa,MEX
Villanueva,HND
Villavicencio,COL
Villeurbanne,FRA
Vilnius,LTU
Vina del Mar,CHL
Vinh,VNM
Vinh Chau,VNM
Vinh Long,VNM
Vinnytsia,UKR
Viransehir,TUR
Virginia Beach,USA
Visalia,USA
Vishakhapatnam,IND
Vitoria,BRA
Vitoria da Conquista,BRA
Vitoria-Gasteiz,ESP
Vitsyebsk,BLR
Vizianagaram,IND
Vladikavkaz,RUS
Vladimir,RUS
Vladivostok,RUS
Volgodonsk,RUS
Volgograd,RUS
Vologda,RUS
Volta Redonda,BRA
Volzhskiy,RUS
Voronezh,RUS
Vung Tau,VNM
Waco,USA
Wad Medani,SDN
Wadlakonda,IND
Wafangdian,CHN
Wakayama,JPN
Wancheng,CHN
Wanyuan,CHN
Wapi,IND
Warangal,IND
Waraseoni,IND
Warnes,BOL
Warri,NGA
Warrington,GBR
Warsaw,POL
Washington,USA
Waterbury,USA
Wau,SSD
Wayaobu,CHN
Weichanglu,CHN
Weifang,CHN
Weihai,CHN
Weinan,CHN
Wellington,NZL
Wenchang,CHN
Wencheng,CHN
Wenlan,CHN
Wenling,CHN
Wenzhou,CHN
Westminster,GBR
Wichita,USA
Wiesbaden,DEU
Wilmington,USA
Windhoek,NAM
Windsor,CAN
Winnipeg,CAN
Winston-Salem,USA
Winter Haven,USA
Wollongong,AUS
Wolverhampton,GBR
Wonju,KOR
Wonsan,PRK
Worcester,USA
Worthing,GBR
Wroclaw,POL
Wuan,CHN
Wuchang,CHN
Wuchuan,CHN
Wudalianchi,CHN
Wugang,CHN
Wuhai,CHN
Wuhan,CHN
Wuhu,CHN
Wuppertal,DEU
Wusong,CHN
Wutong,CHN
Wuwei,CHN
Wuxi,CHN
Wuxue,CHN
Wuyishan,CHN
Wuzhong,CHN
Wuzhou,CHN
Xalapa,MEX
Xiamen,CHN
Xian,CHN
Xiangkhoang,LAO
Xiangshui,CHN
Xiangtan,CHN
Xiangxiang,CHN
Xiangyang,CHN
Xiantao,CHN
Xianyang,CHN
Xiaoganzhan,CHN
Xiaoli,CHN
Xiaoxita,CHN
Xiaoyi,CHN
Xiaping,CHN
Xiashi,CHN
Xibeijie,CHN
Xichang,CHN
Xicheng,CHN
Xigaze,CHN
Xigujing,CHN
Ximeicun,CHN
Xinan,CHN
Xindi,CHN
Xingcheng,CHN
Xingren,CHN
Xingsha,CHN
Xingtai,CHN
Xingyi,CHN
Xinhualu,CHN
Xining,CHN
Xinji,CHN
Xinmin,CHN
Xinpu,CHN
Xinshi,CHN
Xintai,CHN
Xinxing,CHN
Xinyang,CHN
Xinyi,CHN
Xinyu,CHN
Xinzhou,CHN
Xiping,CHN
Xishan,CHN
Xiulin,CHN
Xuanzhou,CHN
Xunyang,CHN
Xushan,CHN
Yachiyo,JPN
Yakeshi,CHN
Yakou,CHN
Yakutsk,RUS
Yamagata,JPN
Yamaguchi,JPN
Yamunanagar,IND
Yanan,CHN
Yanan Beilu,CHN
Yanbu,SAU
Yancheng,CHN
Yangchun,CHN
Yanggok,KOR
Yangjiang,CHN
Yangmei,TWN
Yangquan,CHN
Yangsan,KOR
Yangshe,CHN
Yangzhou,CHN
Yanji,CHN
Yanjiang,CHN
Yantai,CHN
Yao,JPN
Yaounde,CMR
Yaroslavl,RUS
Yato,JPN
Yatou,CHN
Yazd,IRN
Yei,SSD
Yekaterinburg,RUS
Yenimahalle,TUR
Yenisehir,TUR
Yeosu,KOR
Yerevan,ARM
Yesilyurt,TUR
Yibin,CHN
Yicheng,CHN
Yichun,CHN
Yidu,CHN
Yildirim,TUR
Yinchuan,CHN
Yingcheng,CHN
Yingchuan,CHN
Yingkou,CHN
Yingmen,CHN
Yingtan,CHN
Yingzhong,CHN
Yiwu,CHN
Yiyang,CHN
Yogyakarta,IDN
Yokkaichi,JPN
Yokohama,JPN
Yokosuka,JPN
Yola,NGA
Yongan,CHN
Yongcheng,CHN
Yonghetun,CHN
Yongji,CHN
Yongzhou,CHN
Yonkers,USA
Yopougon,CIV
York,USA
Yoshiicho-shimobaru,JPN
Yoshkar-Ola,RUS
Youngstown,USA
Yuanping,CHN
Yucheng,CHN
Yuci,CHN
Yueqing,CHN
Yuhuan,CHN
Yukarikaraman,TUR
Yulin,CHN
Yulinshi,CHN
Yuncheng,CHN
Yunfu,CHN
Yunzhong,CHN
Yuregir,TUR
Yushan,CHN
Yushu,CHN
Yutan,CHN
Yuxi,CHN
Yuyao,CHN
Yuzhno-Sakhalinsk,RUS
Zaanstad,NLD
Zabrze,POL
Zagreb,HRV
Zahedan,IRN
Zakhu,IRQ
Zalantun,CHN
Zamboanga City,PHL
Zamora,MEX
Zango,NGA
Zanjan,IRN
Zanzibar,TZA
Zaoyang,CHN
Zaozhuang,CHN
Zapopan,MEX
Zaporizhzhia,UKR
Zaragoza,ESP
Zaranj,AFG
Zaria,NGA
Zegoua,MLI
Zemun,SRB
Zetang,CHN
Zhangjiajie,CHN
Zhangjiakou,CHN
Zhangjiakou Shi Xuanhua Qu,CHN
Zhangping,CHN
Zhangshu,CHN
Zhangye,CHN
Zhangzhou,CHN
Zhanjiang,CHN
Zhanlicun,CHN
Zhaodong,CHN
Zhaoqing,CHN
Zhaotong,CHN
Zhengding,CHN
Zhengjiatun,CHN
Zhengzhou,CHN
Zhenjiang,CHN
Zhenzhou,CHN
Zhijiang,CHN
Zhongba,CHN
Zhongli,TWN
Zhongshan,CHN
Zhongshu,CHN
Zhongwei,CHN
Zhongxiang,CHN
Zhoukou,CHN
Zhoushan,CHN
Zhuanghe,CHN
Zhuangyuan,CHN
Zhubei,TWN
Zhufeng,CHN
Zhugang,CHN
Zhuhai,CHN
Zhuji,CHN
Zhumadian,CHN
Zhuozhou,CHN
Zhuzhou,CHN
Zhytomyr,UKR
Ziarat,PAK
Zibo,CHN
Zielona Gora,POL
Zigong,CHN
Zijinglu,CHN
Zinder,NER
Zipaquira,COL
Zlatoust,RUS
Zouping,CHN
Zunhua,CHN
Zunyi,CHN
Zurich,CHE
